TIMESTAMP,PERSON_ID,VIOLATION,CONFIDENCE,DURATION_SECONDS,IMAGE_PATH
2026-06-28 10:46:15,Person-WORKER_5,VEST VIOLATION,0.89,5.4,data\CAM_01\evidence\VEST VIOLATION_WORKER_5_2026-06-28_10-46-15.jpg
2026-06-28 10:46:15,Person-WORKER_5,MASK VIOLATION,0.69,5.4,data\CAM_01\evidence\MASK VIOLATION_WORKER_5_2026-06-28_10-46-15.jpg
2026-06-28 10:46:15,Person-WORKER_7,MASK VIOLATION,0.58,5.8,data\CAM_01\evidence\MASK VIOLATION_WORKER_7_2026-06-28_10-46-15.jpg
2026-06-28 10:46:17,Person-WORKER_13,VEST VIOLATION,0.87,5.1,data\CAM_01\evidence\VEST VIOLATION_WORKER_13_2026-06-28_10-46-17.jpg
2026-06-28 10:46:17,Person-WORKER_13,MASK VIOLATION,0.65,5.1,data\CAM_01\evidence\MASK VIOLATION_WORKER_13_2026-06-28_10-46-17.jpg
2026-06-28 10:46:30,Person-WORKER_5,VEST VIOLATION,0.91,20.5,data\CAM_01\evidence\VEST VIOLATION_WORKER_5_2026-06-28_10-46-30.jpg
2026-06-28 10:46:30,Person-WORKER_5,MASK VIOLATION,0.48,20.5,data\CAM_01\evidence\MASK VIOLATION_WORKER_5_2026-06-28_10-46-30.jpg
2026-06-28 10:46:32,Person-WORKER_13,VEST VIOLATION,0.87,20.3,data\CAM_01\evidence\VEST VIOLATION_WORKER_13_2026-06-28_10-46-32.jpg
2026-06-28 10:46:32,Person-WORKER_13,MASK VIOLATION,0.71,20.4,data\CAM_01\evidence\MASK VIOLATION_WORKER_13_2026-06-28_10-46-32.jpg
2026-06-28 10:46:45,Person-WORKER_5,VEST VIOLATION,0.89,35.6,data\CAM_01\evidence\VEST VIOLATION_WORKER_5_2026-06-28_10-46-45.jpg
2026-06-28 10:46:45,Person-WORKER_5,MASK VIOLATION,0.54,35.6,data\CAM_01\evidence\MASK VIOLATION_WORKER_5_2026-06-28_10-46-45.jpg
2026-06-28 10:46:47,Person-WORKER_13,VEST VIOLATION,0.86,35.4,data\CAM_01\evidence\VEST VIOLATION_WORKER_13_2026-06-28_10-46-47.jpg
2026-06-28 10:46:47,Person-WORKER_13,MASK VIOLATION,0.61,35.5,data\CAM_01\evidence\MASK VIOLATION_WORKER_13_2026-06-28_10-46-47.jpg
2026-06-28 10:46:59,Person-WORKER_68,VEST VIOLATION,0.90,5.0,data\CAM_01\evidence\VEST VIOLATION_WORKER_68_2026-06-28_10-46-59.jpg
2026-06-28 10:46:59,Person-WORKER_68,MASK VIOLATION,0.63,5.0,data\CAM_01\evidence\MASK VIOLATION_WORKER_68_2026-06-28_10-46-59.jpg
2026-06-28 10:47:01,Person-WORKER_5,VEST VIOLATION,0.90,51.0,data\CAM_01\evidence\VEST VIOLATION_WORKER_5_2026-06-28_10-47-01.jpg
2026-06-28 10:47:01,Person-WORKER_5,MASK VIOLATION,0.68,51.0,data\CAM_01\evidence\MASK VIOLATION_WORKER_5_2026-06-28_10-47-01.jpg
2026-06-28 10:47:02,Person-WORKER_13,VEST VIOLATION,0.88,50.8,data\CAM_01\evidence\VEST VIOLATION_WORKER_13_2026-06-28_10-47-02.jpg
2026-06-28 10:47:03,Person-WORKER_13,MASK VIOLATION,0.69,50.9,data\CAM_01\evidence\MASK VIOLATION_WORKER_13_2026-06-28_10-47-03.jpg
2026-06-28 10:47:16,Person-WORKER_5,VEST VIOLATION,0.90,66.3,data\CAM_01\evidence\VEST VIOLATION_WORKER_5_2026-06-28_10-47-16.jpg
2026-06-28 10:47:16,Person-WORKER_5,MASK VIOLATION,0.57,66.3,data\CAM_01\evidence\MASK VIOLATION_WORKER_5_2026-06-28_10-47-16.jpg
2026-06-28 10:47:17,Person-WORKER_13,VEST VIOLATION,0.85,65.9,data\CAM_01\evidence\VEST VIOLATION_WORKER_13_2026-06-28_10-47-17.jpg
2026-06-28 10:47:18,Person-WORKER_13,MASK VIOLATION,0.72,66.2,data\CAM_01\evidence\MASK VIOLATION_WORKER_13_2026-06-28_10-47-18.jpg
2026-06-28 10:47:20,Person-WORKER_68,VEST VIOLATION,0.88,5.8,data\CAM_01\evidence\VEST VIOLATION_WORKER_68_2026-06-28_10-47-20.jpg
2026-06-28 10:47:20,Person-WORKER_68,MASK VIOLATION,0.57,5.8,data\CAM_01\evidence\MASK VIOLATION_WORKER_68_2026-06-28_10-47-20.jpg
2026-06-28 10:47:31,Person-WORKER_5,VEST VIOLATION,0.88,81.4,data\CAM_01\evidence\VEST VIOLATION_WORKER_5_2026-06-28_10-47-31.jpg
2026-06-28 10:47:31,Person-WORKER_5,MASK VIOLATION,0.55,81.4,data\CAM_01\evidence\MASK VIOLATION_WORKER_5_2026-06-28_10-47-31.jpg
2026-06-28 10:47:33,Person-WORKER_13,VEST VIOLATION,0.88,81.1,data\CAM_01\evidence\VEST VIOLATION_WORKER_13_2026-06-28_10-47-33.jpg
2026-06-28 10:47:33,Person-WORKER_13,MASK VIOLATION,0.59,81.2,data\CAM_01\evidence\MASK VIOLATION_WORKER_13_2026-06-28_10-47-33.jpg
2026-06-28 10:47:46,Person-WORKER_5,VEST VIOLATION,0.91,96.7,data\CAM_01\evidence\VEST VIOLATION_WORKER_5_2026-06-28_10-47-46.jpg
2026-06-28 10:47:46,Person-WORKER_5,MASK VIOLATION,0.53,96.7,data\CAM_01\evidence\MASK VIOLATION_WORKER_5_2026-06-28_10-47-46.jpg
2026-06-28 10:47:47,Person-WORKER_76,VEST VIOLATION,0.73,5.5,data\CAM_01\evidence\VEST VIOLATION_WORKER_76_2026-06-28_10-47-47.jpg
2026-06-28 10:47:48,Person-WORKER_13,VEST VIOLATION,0.91,96.6,data\CAM_01\evidence\VEST VIOLATION_WORKER_13_2026-06-28_10-47-48.jpg
2026-06-28 10:47:49,Person-WORKER_13,MASK VIOLATION,0.64,96.9,data\CAM_01\evidence\MASK VIOLATION_WORKER_13_2026-06-28_10-47-49.jpg
2026-06-28 10:48:01,Person-WORKER_5,VEST VIOLATION,0.90,111.8,data\CAM_01\evidence\VEST VIOLATION_WORKER_5_2026-06-28_10-48-01.jpg
2026-06-28 10:48:01,Person-WORKER_5,MASK VIOLATION,0.63,111.8,data\CAM_01\evidence\MASK VIOLATION_WORKER_5_2026-06-28_10-48-01.jpg
2026-06-28 10:48:03,Person-WORKER_76,VEST VIOLATION,0.59,20.9,data\CAM_01\evidence\VEST VIOLATION_WORKER_76_2026-06-28_10-48-03.jpg
2026-06-28 10:48:03,Person-WORKER_13,VEST VIOLATION,0.91,111.9,data\CAM_01\evidence\VEST VIOLATION_WORKER_13_2026-06-28_10-48-03.jpg
2026-06-28 10:48:04,Person-WORKER_13,MASK VIOLATION,0.63,112.1,data\CAM_01\evidence\MASK VIOLATION_WORKER_13_2026-06-28_10-48-04.jpg
2026-06-28 10:50:28,Person-WORKER_326,MASK VIOLATION,0.32,6.0,data\CAM_01\evidence\MASK VIOLATION_WORKER_326_2026-06-28_10-50-28.jpg
2026-06-28 10:52:06,Person-WORKER_594,VEST VIOLATION,0.40,5.3,data\CAM_01\evidence\VEST VIOLATION_WORKER_594_2026-06-28_10-52-06.jpg
2026-06-28 10:52:28,Person-WORKER_594,VEST VIOLATION,0.47,26.7,data\CAM_01\evidence\VEST VIOLATION_WORKER_594_2026-06-28_10-52-28.jpg
2026-06-28 10:52:28,Person-WORKER_596,VEST VIOLATION,0.47,8.0,data\CAM_01\evidence\VEST VIOLATION_WORKER_596_2026-06-28_10-52-28.jpg
2026-06-28 10:54:37,Person-WORKER_594,VEST VIOLATION,0.40,156.1,data\CAM_01\evidence\VEST VIOLATION_WORKER_594_2026-06-28_10-54-37.jpg
2026-06-28 10:54:37,Person-WORKER_596,VEST VIOLATION,0.40,137.4,data\CAM_01\evidence\VEST VIOLATION_WORKER_596_2026-06-28_10-54-37.jpg
2026-06-28 10:55:46,Person-WORKER_697,VEST VIOLATION,0.59,5.3,data\CAM_01\evidence\VEST VIOLATION_WORKER_697_2026-06-28_10-55-46.jpg
2026-06-28 10:56:14,Person-WORKER_1011,VEST VIOLATION,0.74,5.2,data\CAM_01\evidence\VEST VIOLATION_WORKER_1011_2026-06-28_10-56-14.jpg
2026-06-28 10:56:30,Person-WORKER_1011,VEST VIOLATION,0.78,20.7,data\CAM_01\evidence\VEST VIOLATION_WORKER_1011_2026-06-28_10-56-30.jpg
2026-06-28 10:56:32,Person-WORKER_1011,MASK VIOLATION,0.51,5.2,data\CAM_01\evidence\MASK VIOLATION_WORKER_1011_2026-06-28_10-56-32.jpg
2026-06-28 10:56:46,Person-WORKER_1011,VEST VIOLATION,0.83,36.5,data\CAM_01\evidence\VEST VIOLATION_WORKER_1011_2026-06-28_10-56-46.jpg
2026-06-28 10:56:54,Person-WORKER_697,VEST VIOLATION,0.68,6.0,data\CAM_01\evidence\VEST VIOLATION_WORKER_697_2026-06-28_10-56-54.jpg
2026-06-28 10:57:01,Person-WORKER_1011,VEST VIOLATION,0.70,52.1,data\CAM_01\evidence\VEST VIOLATION_WORKER_1011_2026-06-28_10-57-01.jpg
2026-06-28 10:57:17,Person-WORKER_1011,VEST VIOLATION,0.63,67.7,data\CAM_01\evidence\VEST VIOLATION_WORKER_1011_2026-06-28_10-57-17.jpg
2026-06-28 10:57:32,Person-WORKER_1011,VEST VIOLATION,0.76,82.7,data\CAM_01\evidence\VEST VIOLATION_WORKER_1011_2026-06-28_10-57-32.jpg
2026-06-28 10:58:15,Person-WORKER_1349,MASK VIOLATION,0.82,5.2,data\CAM_01\evidence\MASK VIOLATION_WORKER_1349_2026-06-28_10-58-15.jpg
2026-06-28 10:58:25,Person-WORKER_1437,VEST VIOLATION,0.74,5.2,data\CAM_01\evidence\VEST VIOLATION_WORKER_1437_2026-06-28_10-58-25.jpg
2026-06-28 10:58:32,Person-WORKER_1483,VEST VIOLATION,0.53,5.3,data\CAM_01\evidence\VEST VIOLATION_WORKER_1483_2026-06-28_10-58-32.jpg
2026-06-28 10:59:21,Person-WORKER_1646,VEST VIOLATION,0.64,5.0,data\CAM_01\evidence\VEST VIOLATION_WORKER_1646_2026-06-28_10-59-21.jpg
2026-06-28 10:59:25,Person-WORKER_1643,MASK VIOLATION,0.30,5.3,data\CAM_01\evidence\MASK VIOLATION_WORKER_1643_2026-06-28_10-59-25.jpg
2026-06-28 10:59:28,Person-WORKER_1685,VEST VIOLATION,0.48,5.3,data\CAM_01\evidence\VEST VIOLATION_WORKER_1685_2026-06-28_10-59-28.jpg
2026-06-28 10:59:33,Person-WORKER_1643,VEST VIOLATION,0.60,5.0,data\CAM_01\evidence\VEST VIOLATION_WORKER_1643_2026-06-28_10-59-33.jpg
2026-06-28 10:59:40,Person-WORKER_1643,MASK VIOLATION,0.53,8.5,data\CAM_01\evidence\MASK VIOLATION_WORKER_1643_2026-06-28_10-59-40.jpg
2026-06-28 10:59:48,Person-WORKER_1650,MASK VIOLATION,0.53,5.0,data\CAM_01\evidence\MASK VIOLATION_WORKER_1650_2026-06-28_10-59-48.jpg
2026-06-28 10:59:48,Person-WORKER_1730,VEST VIOLATION,0.66,5.6,data\CAM_01\evidence\VEST VIOLATION_WORKER_1730_2026-06-28_10-59-48.jpg
2026-06-28 10:59:48,Person-WORKER_1752,VEST VIOLATION,0.85,5.1,data\CAM_01\evidence\VEST VIOLATION_WORKER_1752_2026-06-28_10-59-48.jpg
2026-06-28 10:59:50,Person-WORKER_1752,MASK VIOLATION,0.58,5.2,data\CAM_01\evidence\MASK VIOLATION_WORKER_1752_2026-06-28_10-59-50.jpg
2026-06-28 10:59:51,Person-WORKER_1740,VEST VIOLATION,0.64,5.5,data\CAM_01\evidence\VEST VIOLATION_WORKER_1740_2026-06-28_10-59-51.jpg
2026-06-28 10:59:51,Person-WORKER_1740,MASK VIOLATION,0.48,5.5,data\CAM_01\evidence\MASK VIOLATION_WORKER_1740_2026-06-28_10-59-51.jpg
2026-06-28 10:59:58,Person-WORKER_1643,VEST VIOLATION,0.27,5.7,data\CAM_01\evidence\VEST VIOLATION_WORKER_1643_2026-06-28_10-59-58.jpg
2026-06-28 10:59:58,Person-WORKER_1643,MASK VIOLATION,0.45,5.7,data\CAM_01\evidence\MASK VIOLATION_WORKER_1643_2026-06-28_10-59-58.jpg
2026-06-28 11:00:04,Person-WORKER_1730,VEST VIOLATION,0.72,10.8,data\CAM_01\evidence\VEST VIOLATION_WORKER_1730_2026-06-28_11-00-04.jpg
2026-06-28 11:00:06,Person-WORKER_1740,VEST VIOLATION,0.75,20.5,data\CAM_01\evidence\VEST VIOLATION_WORKER_1740_2026-06-28_11-00-06.jpg
2026-06-28 11:00:06,Person-WORKER_1740,MASK VIOLATION,0.40,20.5,data\CAM_01\evidence\MASK VIOLATION_WORKER_1740_2026-06-28_11-00-06.jpg
2026-06-28 11:00:16,Person-WORKER_1730,MASK VIOLATION,0.37,5.2,data\CAM_01\evidence\MASK VIOLATION_WORKER_1730_2026-06-28_11-00-16.jpg
2026-06-28 11:00:19,Person-WORKER_1730,VEST VIOLATION,0.74,25.9,data\CAM_01\evidence\VEST VIOLATION_WORKER_1730_2026-06-28_11-00-19.jpg
2026-06-28 11:00:22,Person-WORKER_1740,VEST VIOLATION,0.80,36.0,data\CAM_01\evidence\VEST VIOLATION_WORKER_1740_2026-06-28_11-00-22.jpg
2026-06-28 11:00:22,Person-WORKER_1740,MASK VIOLATION,0.70,36.0,data\CAM_01\evidence\MASK VIOLATION_WORKER_1740_2026-06-28_11-00-22.jpg
2026-06-28 11:00:27,Person-WORKER_1650,MASK VIOLATION,0.75,5.4,data\CAM_01\evidence\MASK VIOLATION_WORKER_1650_2026-06-28_11-00-27.jpg
2026-06-28 11:00:34,Person-WORKER_1730,VEST VIOLATION,0.83,41.4,data\CAM_01\evidence\VEST VIOLATION_WORKER_1730_2026-06-28_11-00-34.jpg
2026-06-28 11:00:37,Person-WORKER_1740,VEST VIOLATION,0.86,51.1,data\CAM_01\evidence\VEST VIOLATION_WORKER_1740_2026-06-28_11-00-37.jpg
2026-06-28 11:00:37,Person-WORKER_1740,MASK VIOLATION,0.77,51.1,data\CAM_01\evidence\MASK VIOLATION_WORKER_1740_2026-06-28_11-00-37.jpg
2026-06-28 11:00:40,Person-WORKER_1650,VEST VIOLATION,0.50,5.5,data\CAM_01\evidence\VEST VIOLATION_WORKER_1650_2026-06-28_11-00-40.jpg
2026-06-28 11:00:42,Person-WORKER_1650,MASK VIOLATION,0.86,20.4,data\CAM_01\evidence\MASK VIOLATION_WORKER_1650_2026-06-28_11-00-42.jpg
2026-06-28 11:00:42,Person-WORKER_1730,MASK VIOLATION,0.53,5.4,data\CAM_01\evidence\MASK VIOLATION_WORKER_1730_2026-06-28_11-00-42.jpg
2026-06-28 11:00:50,Person-WORKER_1730,VEST VIOLATION,0.82,56.8,data\CAM_01\evidence\VEST VIOLATION_WORKER_1730_2026-06-28_11-00-50.jpg
2026-06-28 11:00:52,Person-WORKER_1740,VEST VIOLATION,0.84,66.2,data\CAM_01\evidence\VEST VIOLATION_WORKER_1740_2026-06-28_11-00-52.jpg
2026-06-28 11:00:52,Person-WORKER_1740,MASK VIOLATION,0.76,66.2,data\CAM_01\evidence\MASK VIOLATION_WORKER_1740_2026-06-28_11-00-52.jpg
2026-06-28 11:00:55,Person-WORKER_1650,VEST VIOLATION,0.70,20.7,data\CAM_01\evidence\VEST VIOLATION_WORKER_1650_2026-06-28_11-00-55.jpg
2026-06-28 11:00:57,Person-WORKER_1650,MASK VIOLATION,0.82,35.5,data\CAM_01\evidence\MASK VIOLATION_WORKER_1650_2026-06-28_11-00-57.jpg
2026-06-28 11:00:57,Person-WORKER_1730,MASK VIOLATION,0.70,20.5,data\CAM_01\evidence\MASK VIOLATION_WORKER_1730_2026-06-28_11-00-57.jpg
2026-06-28 11:01:05,Person-WORKER_1730,VEST VIOLATION,0.82,72.4,data\CAM_01\evidence\VEST VIOLATION_WORKER_1730_2026-06-28_11-01-05.jpg
2026-06-28 11:01:07,Person-WORKER_1740,VEST VIOLATION,0.82,81.6,data\CAM_01\evidence\VEST VIOLATION_WORKER_1740_2026-06-28_11-01-07.jpg
2026-06-28 11:01:07,Person-WORKER_1740,MASK VIOLATION,0.80,81.6,data\CAM_01\evidence\MASK VIOLATION_WORKER_1740_2026-06-28_11-01-07.jpg
2026-06-28 11:01:17,Person-WORKER_1640,MASK VIOLATION,0.83,5.6,data\CAM_01\evidence\MASK VIOLATION_WORKER_1640_2026-06-28_11-01-17.jpg
2026-06-28 11:01:20,Person-WORKER_1730,MASK VIOLATION,0.38,5.2,data\CAM_01\evidence\MASK VIOLATION_WORKER_1730_2026-06-28_11-01-20.jpg
2026-06-28 11:01:21,Person-WORKER_1730,VEST VIOLATION,0.80,87.7,data\CAM_01\evidence\VEST VIOLATION_WORKER_1730_2026-06-28_11-01-21.jpg
2026-06-28 11:01:23,Person-WORKER_1740,VEST VIOLATION,0.84,97.1,data\CAM_01\evidence\VEST VIOLATION_WORKER_1740_2026-06-28_11-01-23.jpg
2026-06-28 11:01:23,Person-WORKER_1740,MASK VIOLATION,0.75,97.1,data\CAM_01\evidence\MASK VIOLATION_WORKER_1740_2026-06-28_11-01-23.jpg
2026-06-28 11:01:41,Person-WORKER_1740,VEST VIOLATION,0.80,115.1,data\CAM_01\evidence\VEST VIOLATION_WORKER_1740_2026-06-28_11-01-41.jpg
2026-06-28 11:01:41,Person-WORKER_1981,VEST VIOLATION,0.79,5.5,data\CAM_01\evidence\VEST VIOLATION_WORKER_1981_2026-06-28_11-01-41.jpg
2026-06-28 11:02:21,Person-WORKER_2042,VEST VIOLATION,0.77,5.4,data\CAM_01\evidence\VEST VIOLATION_WORKER_2042_2026-06-28_11-02-21.jpg
2026-06-28 11:02:21,Person-WORKER_2037,VEST VIOLATION,0.75,5.4,data\CAM_01\evidence\VEST VIOLATION_WORKER_2037_2026-06-28_11-02-21.jpg
2026-06-28 11:02:21,Person-WORKER_2044,MASK VIOLATION,0.49,5.4,data\CAM_01\evidence\MASK VIOLATION_WORKER_2044_2026-06-28_11-02-21.jpg
2026-06-28 11:02:21,Person-WORKER_2045,MASK VIOLATION,0.68,5.4,data\CAM_01\evidence\MASK VIOLATION_WORKER_2045_2026-06-28_11-02-21.jpg
2026-06-28 11:02:22,Person-WORKER_2037,MASK VIOLATION,0.46,5.5,data\CAM_01\evidence\MASK VIOLATION_WORKER_2037_2026-06-28_11-02-22.jpg
2026-06-28 11:02:22,Person-WORKER_2042,MASK VIOLATION,0.55,5.5,data\CAM_01\evidence\MASK VIOLATION_WORKER_2042_2026-06-28_11-02-22.jpg
2026-06-28 11:02:22,Person-WORKER_2045,VEST VIOLATION,0.74,5.5,data\CAM_01\evidence\VEST VIOLATION_WORKER_2045_2026-06-28_11-02-22.jpg
2026-06-28 11:02:37,Person-WORKER_2042,VEST VIOLATION,0.74,20.7,data\CAM_01\evidence\VEST VIOLATION_WORKER_2042_2026-06-28_11-02-37.jpg
2026-06-28 11:02:37,Person-WORKER_2037,VEST VIOLATION,0.82,20.7,data\CAM_01\evidence\VEST VIOLATION_WORKER_2037_2026-06-28_11-02-37.jpg
2026-06-28 11:02:37,Person-WORKER_2045,MASK VIOLATION,0.60,20.7,data\CAM_01\evidence\MASK VIOLATION_WORKER_2045_2026-06-28_11-02-37.jpg
2026-06-28 11:02:37,Person-WORKER_2042,MASK VIOLATION,0.57,20.7,data\CAM_01\evidence\MASK VIOLATION_WORKER_2042_2026-06-28_11-02-37.jpg
2026-06-28 11:02:37,Person-WORKER_2045,VEST VIOLATION,0.88,20.7,data\CAM_01\evidence\VEST VIOLATION_WORKER_2045_2026-06-28_11-02-37.jpg
2026-06-28 11:02:37,Person-WORKER_2037,MASK VIOLATION,0.71,20.7,data\CAM_01\evidence\MASK VIOLATION_WORKER_2037_2026-06-28_11-02-37.jpg
2026-06-28 11:02:48,Person-WORKER_2044,MASK VIOLATION,0.51,5.4,data\CAM_01\evidence\MASK VIOLATION_WORKER_2044_2026-06-28_11-02-48.jpg
2026-06-28 11:02:52,Person-WORKER_2042,VEST VIOLATION,0.76,36.2,data\CAM_01\evidence\VEST VIOLATION_WORKER_2042_2026-06-28_11-02-52.jpg
2026-06-28 11:02:52,Person-WORKER_2045,VEST VIOLATION,0.88,35.7,data\CAM_01\evidence\VEST VIOLATION_WORKER_2045_2026-06-28_11-02-52.jpg
2026-06-28 11:02:52,Person-WORKER_2045,MASK VIOLATION,0.72,36.2,data\CAM_01\evidence\MASK VIOLATION_WORKER_2045_2026-06-28_11-02-52.jpg
2026-06-28 11:02:55,Person-WORKER_2042,MASK VIOLATION,0.47,38.2,data\CAM_01\evidence\MASK VIOLATION_WORKER_2042_2026-06-28_11-02-55.jpg
2026-06-28 11:03:08,Person-WORKER_2042,VEST VIOLATION,0.70,51.7,data\CAM_01\evidence\VEST VIOLATION_WORKER_2042_2026-06-28_11-03-08.jpg
2026-06-28 11:03:08,Person-WORKER_2045,VEST VIOLATION,0.81,51.2,data\CAM_01\evidence\VEST VIOLATION_WORKER_2045_2026-06-28_11-03-08.jpg
2026-06-28 11:03:08,Person-WORKER_2045,MASK VIOLATION,0.74,51.7,data\CAM_01\evidence\MASK VIOLATION_WORKER_2045_2026-06-28_11-03-08.jpg
2026-06-28 11:03:10,Person-WORKER_2042,MASK VIOLATION,0.54,53.6,data\CAM_01\evidence\MASK VIOLATION_WORKER_2042_2026-06-28_11-03-10.jpg
2026-06-28 11:03:16,Person-WORKER_2044,MASK VIOLATION,0.38,8.4,data\CAM_01\evidence\MASK VIOLATION_WORKER_2044_2026-06-28_11-03-16.jpg
2026-06-28 11:03:23,Person-WORKER_2042,VEST VIOLATION,0.73,67.2,data\CAM_01\evidence\VEST VIOLATION_WORKER_2042_2026-06-28_11-03-23.jpg
2026-06-28 11:03:23,Person-WORKER_2045,VEST VIOLATION,0.84,66.7,data\CAM_01\evidence\VEST VIOLATION_WORKER_2045_2026-06-28_11-03-23.jpg
2026-06-28 11:03:23,Person-WORKER_2045,MASK VIOLATION,0.81,67.2,data\CAM_01\evidence\MASK VIOLATION_WORKER_2045_2026-06-28_11-03-23.jpg
2026-06-28 11:03:25,Person-WORKER_2042,MASK VIOLATION,0.53,68.8,data\CAM_01\evidence\MASK VIOLATION_WORKER_2042_2026-06-28_11-03-25.jpg
2026-06-28 11:03:38,Person-WORKER_2042,VEST VIOLATION,0.75,82.5,data\CAM_01\evidence\VEST VIOLATION_WORKER_2042_2026-06-28_11-03-38.jpg
2026-06-28 11:03:38,Person-WORKER_2045,VEST VIOLATION,0.86,82.0,data\CAM_01\evidence\VEST VIOLATION_WORKER_2045_2026-06-28_11-03-38.jpg
2026-06-28 11:03:38,Person-WORKER_2045,MASK VIOLATION,0.79,82.5,data\CAM_01\evidence\MASK VIOLATION_WORKER_2045_2026-06-28_11-03-38.jpg
2026-06-28 11:03:42,Person-WORKER_2042,MASK VIOLATION,0.44,5.1,data\CAM_01\evidence\MASK VIOLATION_WORKER_2042_2026-06-28_11-03-42.jpg
2026-06-28 11:03:48,Person-WORKER_2044,MASK VIOLATION,0.52,5.1,data\CAM_01\evidence\MASK VIOLATION_WORKER_2044_2026-06-28_11-03-48.jpg
2026-06-28 11:03:54,Person-WORKER_2042,VEST VIOLATION,0.80,98.0,data\CAM_01\evidence\VEST VIOLATION_WORKER_2042_2026-06-28_11-03-54.jpg
2026-06-28 11:03:54,Person-WORKER_2045,VEST VIOLATION,0.85,97.5,data\CAM_01\evidence\VEST VIOLATION_WORKER_2045_2026-06-28_11-03-54.jpg
2026-06-28 11:03:54,Person-WORKER_2045,MASK VIOLATION,0.75,98.0,data\CAM_01\evidence\MASK VIOLATION_WORKER_2045_2026-06-28_11-03-54.jpg
2026-06-28 11:03:57,Person-WORKER_2042,MASK VIOLATION,0.50,20.3,data\CAM_01\evidence\MASK VIOLATION_WORKER_2042_2026-06-28_11-03-57.jpg
2026-06-28 11:04:07,Person-WORKER_2044,MASK VIOLATION,0.80,5.2,data\CAM_01\evidence\MASK VIOLATION_WORKER_2044_2026-06-28_11-04-07.jpg
2026-06-28 11:04:07,Person-WORKER_2159,MASK VIOLATION,0.75,5.2,data\CAM_01\evidence\MASK VIOLATION_WORKER_2159_2026-06-28_11-04-07.jpg
2026-06-28 11:04:07,Person-WORKER_2159,VEST VIOLATION,0.89,5.2,data\CAM_01\evidence\VEST VIOLATION_WORKER_2159_2026-06-28_11-04-07.jpg
2026-06-28 11:04:09,Person-WORKER_2042,VEST VIOLATION,0.83,113.1,data\CAM_01\evidence\VEST VIOLATION_WORKER_2042_2026-06-28_11-04-09.jpg
2026-06-28 11:04:09,Person-WORKER_2045,VEST VIOLATION,0.87,112.6,data\CAM_01\evidence\VEST VIOLATION_WORKER_2045_2026-06-28_11-04-09.jpg
2026-06-28 11:04:09,Person-WORKER_2045,MASK VIOLATION,0.77,113.1,data\CAM_01\evidence\MASK VIOLATION_WORKER_2045_2026-06-28_11-04-09.jpg
2026-06-28 11:04:13,Person-WORKER_2042,MASK VIOLATION,0.68,35.7,data\CAM_01\evidence\MASK VIOLATION_WORKER_2042_2026-06-28_11-04-13.jpg
2026-06-28 11:04:22,Person-WORKER_2159,MASK VIOLATION,0.75,20.3,data\CAM_01\evidence\MASK VIOLATION_WORKER_2159_2026-06-28_11-04-22.jpg
2026-06-28 11:04:22,Person-WORKER_2159,VEST VIOLATION,0.86,20.3,data\CAM_01\evidence\VEST VIOLATION_WORKER_2159_2026-06-28_11-04-22.jpg
2026-06-28 11:04:24,Person-WORKER_2042,VEST VIOLATION,0.87,128.5,data\CAM_01\evidence\VEST VIOLATION_WORKER_2042_2026-06-28_11-04-24.jpg
2026-06-28 11:04:24,Person-WORKER_2045,MASK VIOLATION,0.76,128.5,data\CAM_01\evidence\MASK VIOLATION_WORKER_2045_2026-06-28_11-04-24.jpg
2026-06-28 11:04:24,Person-WORKER_2045,VEST VIOLATION,0.58,128.0,data\CAM_01\evidence\VEST VIOLATION_WORKER_2045_2026-06-28_11-04-24.jpg
2026-06-28 11:04:28,Person-WORKER_2042,MASK VIOLATION,0.60,50.9,data\CAM_01\evidence\MASK VIOLATION_WORKER_2042_2026-06-28_11-04-28.jpg
2026-06-28 11:04:52,Person-WORKER_2044,VEST VIOLATION,0.84,5.0,data\CAM_01\evidence\VEST VIOLATION_WORKER_2044_2026-06-28_11-04-52.jpg
2026-06-28 11:04:55,Person-WORKER_2044,MASK VIOLATION,0.82,5.4,data\CAM_01\evidence\MASK VIOLATION_WORKER_2044_2026-06-28_11-04-55.jpg
2026-06-28 11:04:55,Person-WORKER_2042,MASK VIOLATION,0.88,5.4,data\CAM_01\evidence\MASK VIOLATION_WORKER_2042_2026-06-28_11-04-55.jpg
2026-06-28 11:04:55,Person-WORKER_2042,VEST VIOLATION,0.65,5.9,data\CAM_01\evidence\VEST VIOLATION_WORKER_2042_2026-06-28_11-04-55.jpg
2026-06-28 11:05:02,Person-WORKER_2159,MASK VIOLATION,0.83,5.4,data\CAM_01\evidence\MASK VIOLATION_WORKER_2159_2026-06-28_11-05-02.jpg
2026-06-28 11:05:02,Person-WORKER_2159,VEST VIOLATION,0.72,5.4,data\CAM_01\evidence\VEST VIOLATION_WORKER_2159_2026-06-28_11-05-02.jpg
2026-06-28 11:05:07,Person-WORKER_2044,VEST VIOLATION,0.88,20.0,data\CAM_01\evidence\VEST VIOLATION_WORKER_2044_2026-06-28_11-05-07.jpg
2026-06-28 11:05:10,Person-WORKER_2044,MASK VIOLATION,0.82,20.4,data\CAM_01\evidence\MASK VIOLATION_WORKER_2044_2026-06-28_11-05-10.jpg
2026-06-28 11:05:17,Person-WORKER_2159,MASK VIOLATION,0.79,20.4,data\CAM_01\evidence\MASK VIOLATION_WORKER_2159_2026-06-28_11-05-17.jpg
2026-06-28 11:05:17,Person-WORKER_2159,VEST VIOLATION,0.62,20.4,data\CAM_01\evidence\VEST VIOLATION_WORKER_2159_2026-06-28_11-05-17.jpg
2026-06-28 11:05:22,Person-WORKER_2044,VEST VIOLATION,0.88,35.3,data\CAM_01\evidence\VEST VIOLATION_WORKER_2044_2026-06-28_11-05-22.jpg
2026-06-28 11:05:26,Person-WORKER_2044,MASK VIOLATION,0.87,5.2,data\CAM_01\evidence\MASK VIOLATION_WORKER_2044_2026-06-28_11-05-26.jpg
2026-06-28 11:05:32,Person-WORKER_2159,VEST VIOLATION,0.72,35.4,data\CAM_01\evidence\VEST VIOLATION_WORKER_2159_2026-06-28_11-05-32.jpg
2026-06-28 11:05:32,Person-WORKER_2159,MASK VIOLATION,0.67,11.3,data\CAM_01\evidence\MASK VIOLATION_WORKER_2159_2026-06-28_11-05-32.jpg
2026-06-28 11:05:47,Person-WORKER_2333,VEST VIOLATION,0.87,5.5,data\CAM_01\evidence\VEST VIOLATION_WORKER_2333_2026-06-28_11-05-47.jpg
2026-06-28 11:05:47,Person-WORKER_2333,MASK VIOLATION,0.61,5.5,data\CAM_01\evidence\MASK VIOLATION_WORKER_2333_2026-06-28_11-05-47.jpg
2026-06-28 11:05:48,Person-WORKER_2316,MASK VIOLATION,0.61,6.0,data\CAM_01\evidence\MASK VIOLATION_WORKER_2316_2026-06-28_11-05-48.jpg
2026-06-28 11:05:54,Person-WORKER_2308,MASK VIOLATION,0.60,5.1,data\CAM_01\evidence\MASK VIOLATION_WORKER_2308_2026-06-28_11-05-54.jpg
2026-06-28 11:05:54,Person-WORKER_2308,VEST VIOLATION,0.53,5.1,data\CAM_01\evidence\VEST VIOLATION_WORKER_2308_2026-06-28_11-05-54.jpg
2026-06-28 11:06:02,Person-WORKER_2368,MASK VIOLATION,0.61,5.2,data\CAM_01\evidence\MASK VIOLATION_WORKER_2368_2026-06-28_11-06-02.jpg
2026-06-28 11:06:03,Person-WORKER_2333,VEST VIOLATION,0.87,20.9,data\CAM_01\evidence\VEST VIOLATION_WORKER_2333_2026-06-28_11-06-03.jpg
2026-06-28 11:06:03,Person-WORKER_2333,MASK VIOLATION,0.62,20.9,data\CAM_01\evidence\MASK VIOLATION_WORKER_2333_2026-06-28_11-06-03.jpg
2026-06-28 11:06:09,Person-WORKER_2308,MASK VIOLATION,0.70,20.1,data\CAM_01\evidence\MASK VIOLATION_WORKER_2308_2026-06-28_11-06-09.jpg
2026-06-28 11:06:09,Person-WORKER_2308,VEST VIOLATION,0.77,20.1,data\CAM_01\evidence\VEST VIOLATION_WORKER_2308_2026-06-28_11-06-09.jpg
2026-06-28 11:06:10,Person-WORKER_2368,VEST VIOLATION,0.85,5.3,data\CAM_01\evidence\VEST VIOLATION_WORKER_2368_2026-06-28_11-06-10.jpg
2026-06-28 11:06:17,Person-WORKER_2368,MASK VIOLATION,0.60,20.7,data\CAM_01\evidence\MASK VIOLATION_WORKER_2368_2026-06-28_11-06-17.jpg
2026-06-28 11:06:18,Person-WORKER_2333,VEST VIOLATION,0.90,36.5,data\CAM_01\evidence\VEST VIOLATION_WORKER_2333_2026-06-28_11-06-18.jpg
2026-06-28 11:06:18,Person-WORKER_2333,MASK VIOLATION,0.55,36.5,data\CAM_01\evidence\MASK VIOLATION_WORKER_2333_2026-06-28_11-06-18.jpg
2026-06-28 11:06:21,Person-WORKER_2044,MASK VIOLATION,0.72,5.2,data\CAM_01\evidence\MASK VIOLATION_WORKER_2044_2026-06-28_11-06-21.jpg
2026-06-28 11:06:24,Person-WORKER_2044,VEST VIOLATION,0.73,5.1,data\CAM_01\evidence\VEST VIOLATION_WORKER_2044_2026-06-28_11-06-24.jpg
2026-06-28 11:06:24,Person-WORKER_2308,MASK VIOLATION,0.65,35.6,data\CAM_01\evidence\MASK VIOLATION_WORKER_2308_2026-06-28_11-06-24.jpg
2026-06-28 11:06:25,Person-WORKER_2308,VEST VIOLATION,0.79,35.7,data\CAM_01\evidence\VEST VIOLATION_WORKER_2308_2026-06-28_11-06-25.jpg
2026-06-28 11:06:25,Person-WORKER_2368,VEST VIOLATION,0.79,20.3,data\CAM_01\evidence\VEST VIOLATION_WORKER_2368_2026-06-28_11-06-25.jpg
2026-06-28 11:06:32,Person-WORKER_2368,MASK VIOLATION,0.63,35.9,data\CAM_01\evidence\MASK VIOLATION_WORKER_2368_2026-06-28_11-06-32.jpg
2026-06-28 11:06:33,Person-WORKER_2333,VEST VIOLATION,0.87,51.5,data\CAM_01\evidence\VEST VIOLATION_WORKER_2333_2026-06-28_11-06-33.jpg
2026-06-28 11:06:33,Person-WORKER_2333,MASK VIOLATION,0.58,51.5,data\CAM_01\evidence\MASK VIOLATION_WORKER_2333_2026-06-28_11-06-33.jpg
2026-06-28 11:06:36,Person-WORKER_2044,MASK VIOLATION,0.72,20.2,data\CAM_01\evidence\MASK VIOLATION_WORKER_2044_2026-06-28_11-06-36.jpg
2026-06-28 11:06:39,Person-WORKER_2044,VEST VIOLATION,0.79,20.4,data\CAM_01\evidence\VEST VIOLATION_WORKER_2044_2026-06-28_11-06-39.jpg
2026-06-28 11:06:47,Person-WORKER_2368,MASK VIOLATION,0.74,51.0,data\CAM_01\evidence\MASK VIOLATION_WORKER_2368_2026-06-28_11-06-47.jpg
2026-06-28 11:06:48,Person-WORKER_2333,VEST VIOLATION,0.88,66.6,data\CAM_01\evidence\VEST VIOLATION_WORKER_2333_2026-06-28_11-06-48.jpg
2026-06-28 11:06:48,Person-WORKER_2333,MASK VIOLATION,0.62,66.6,data\CAM_01\evidence\MASK VIOLATION_WORKER_2333_2026-06-28_11-06-48.jpg
2026-06-28 11:06:51,Person-WORKER_2044,MASK VIOLATION,0.62,35.5,data\CAM_01\evidence\MASK VIOLATION_WORKER_2044_2026-06-28_11-06-51.jpg
2026-06-28 11:06:53,Person-WORKER_2368,VEST VIOLATION,0.86,5.0,data\CAM_01\evidence\VEST VIOLATION_WORKER_2368_2026-06-28_11-06-53.jpg
2026-06-28 11:06:54,Person-WORKER_2044,VEST VIOLATION,0.74,35.5,data\CAM_01\evidence\VEST VIOLATION_WORKER_2044_2026-06-28_11-06-54.jpg
2026-06-28 11:07:03,Person-WORKER_2368,MASK VIOLATION,0.60,66.2,data\CAM_01\evidence\MASK VIOLATION_WORKER_2368_2026-06-28_11-07-03.jpg
2026-06-28 11:07:03,Person-WORKER_2308,MASK VIOLATION,0.67,5.5,data\CAM_01\evidence\MASK VIOLATION_WORKER_2308_2026-06-28_11-07-03.jpg
2026-06-28 11:07:07,Person-WORKER_2044,MASK VIOLATION,0.36,50.8,data\CAM_01\evidence\MASK VIOLATION_WORKER_2044_2026-06-28_11-07-07.jpg
2026-06-28 11:07:09,Person-WORKER_2368,VEST VIOLATION,0.76,20.4,data\CAM_01\evidence\VEST VIOLATION_WORKER_2368_2026-06-28_11-07-09.jpg
2026-06-28 11:07:12,Person-WORKER_2333,MASK VIOLATION,0.69,5.2,data\CAM_01\evidence\MASK VIOLATION_WORKER_2333_2026-06-28_11-07-12.jpg
2026-06-28 11:07:12,Person-WORKER_2333,VEST VIOLATION,0.85,5.2,data\CAM_01\evidence\VEST VIOLATION_WORKER_2333_2026-06-28_11-07-12.jpg
2026-06-28 11:07:18,Person-WORKER_2368,MASK VIOLATION,0.68,81.6,data\CAM_01\evidence\MASK VIOLATION_WORKER_2368_2026-06-28_11-07-18.jpg
2026-06-28 11:07:24,Person-WORKER_2368,VEST VIOLATION,0.87,36.0,data\CAM_01\evidence\VEST VIOLATION_WORKER_2368_2026-06-28_11-07-24.jpg
2026-06-28 11:07:27,Person-WORKER_2333,MASK VIOLATION,0.68,20.2,data\CAM_01\evidence\MASK VIOLATION_WORKER_2333_2026-06-28_11-07-27.jpg
2026-06-28 11:07:27,Person-WORKER_2333,VEST VIOLATION,0.89,20.3,data\CAM_01\evidence\VEST VIOLATION_WORKER_2333_2026-06-28_11-07-27.jpg
2026-06-28 11:07:32,Person-WORKER_2451,VEST VIOLATION,0.40,5.9,data\CAM_01\evidence\VEST VIOLATION_WORKER_2451_2026-06-28_11-07-32.jpg
2026-06-28 11:07:33,Person-WORKER_2368,MASK VIOLATION,0.54,97.0,data\CAM_01\evidence\MASK VIOLATION_WORKER_2368_2026-06-28_11-07-33.jpg
2026-06-28 11:07:39,Person-WORKER_2368,VEST VIOLATION,0.79,51.1,data\CAM_01\evidence\VEST VIOLATION_WORKER_2368_2026-06-28_11-07-39.jpg
2026-06-28 11:07:44,Person-WORKER_2602,MASK VIOLATION,0.63,5.1,data\CAM_01\evidence\MASK VIOLATION_WORKER_2602_2026-06-28_11-07-44.jpg
2026-06-28 11:07:44,Person-WORKER_2602,VEST VIOLATION,0.87,5.1,data\CAM_01\evidence\VEST VIOLATION_WORKER_2602_2026-06-28_11-07-44.jpg
2026-06-28 11:07:49,Person-WORKER_2368,MASK VIOLATION,0.39,112.4,data\CAM_01\evidence\MASK VIOLATION_WORKER_2368_2026-06-28_11-07-49.jpg
2026-06-28 11:07:54,Person-WORKER_2368,VEST VIOLATION,0.66,66.2,data\CAM_01\evidence\VEST VIOLATION_WORKER_2368_2026-06-28_11-07-54.jpg
2026-06-28 11:08:00,Person-WORKER_2602,MASK VIOLATION,0.48,20.7,data\CAM_01\evidence\MASK VIOLATION_WORKER_2602_2026-06-28_11-08-00.jpg
2026-06-28 11:08:00,Person-WORKER_2602,VEST VIOLATION,0.86,20.7,data\CAM_01\evidence\VEST VIOLATION_WORKER_2602_2026-06-28_11-08-00.jpg
2026-06-28 11:08:04,Person-WORKER_2368,MASK VIOLATION,0.60,127.5,data\CAM_01\evidence\MASK VIOLATION_WORKER_2368_2026-06-28_11-08-04.jpg
2026-06-28 11:08:07,Person-WORKER_2044,MASK VIOLATION,0.45,6.2,data\CAM_01\evidence\MASK VIOLATION_WORKER_2044_2026-06-28_11-08-07.jpg
2026-06-28 11:08:10,Person-WORKER_2368,VEST VIOLATION,0.84,81.6,data\CAM_01\evidence\VEST VIOLATION_WORKER_2368_2026-06-28_11-08-10.jpg
2026-06-28 11:08:14,Person-WORKER_2333,VEST VIOLATION,0.87,5.4,data\CAM_01\evidence\VEST VIOLATION_WORKER_2333_2026-06-28_11-08-14.jpg
2026-06-28 11:08:14,Person-WORKER_2333,MASK VIOLATION,0.44,5.4,data\CAM_01\evidence\MASK VIOLATION_WORKER_2333_2026-06-28_11-08-14.jpg
2026-06-28 11:08:17,Person-WORKER_2617,VEST VIOLATION,0.85,5.4,data\CAM_01\evidence\VEST VIOLATION_WORKER_2617_2026-06-28_11-08-17.jpg
2026-06-28 11:08:19,Person-WORKER_2368,MASK VIOLATION,0.43,142.9,data\CAM_01\evidence\MASK VIOLATION_WORKER_2368_2026-06-28_11-08-19.jpg
2026-06-28 11:08:27,Person-WORKER_2602,VEST VIOLATION,0.73,5.1,data\CAM_01\evidence\VEST VIOLATION_WORKER_2602_2026-06-28_11-08-27.jpg
2026-06-28 11:08:27,Person-WORKER_2726,VEST VIOLATION,0.88,5.1,data\CAM_01\evidence\VEST VIOLATION_WORKER_2726_2026-06-28_11-08-27.jpg
2026-06-28 11:08:27,Person-WORKER_2602,MASK VIOLATION,0.82,5.1,data\CAM_01\evidence\MASK VIOLATION_WORKER_2602_2026-06-28_11-08-27.jpg
2026-06-28 11:08:27,Person-WORKER_2726,MASK VIOLATION,0.80,5.1,data\CAM_01\evidence\MASK VIOLATION_WORKER_2726_2026-06-28_11-08-27.jpg
2026-06-28 11:08:43,Person-WORKER_2602,VEST VIOLATION,0.81,21.2,data\CAM_01\evidence\VEST VIOLATION_WORKER_2602_2026-06-28_11-08-43.jpg
2026-06-28 11:08:43,Person-WORKER_2602,MASK VIOLATION,0.85,21.1,data\CAM_01\evidence\MASK VIOLATION_WORKER_2602_2026-06-28_11-08-43.jpg
2026-06-28 11:08:47,Person-WORKER_2735,VEST VIOLATION,0.87,5.4,data\CAM_01\evidence\VEST VIOLATION_WORKER_2735_2026-06-28_11-08-47.jpg
2026-06-28 11:08:49,Person-WORKER_2735,MASK VIOLATION,0.67,5.6,data\CAM_01\evidence\MASK VIOLATION_WORKER_2735_2026-06-28_11-08-49.jpg
2026-06-28 11:08:58,Person-WORKER_2451,VEST VIOLATION,0.83,5.8,data\CAM_01\evidence\VEST VIOLATION_WORKER_2451_2026-06-28_11-08-58.jpg
2026-06-28 11:09:00,Person-WORKER_2451,MASK VIOLATION,0.82,5.1,data\CAM_01\evidence\MASK VIOLATION_WORKER_2451_2026-06-28_11-09-00.jpg
2026-06-28 11:09:19,Person-WORKER_2877,VEST VIOLATION,0.88,5.1,data\CAM_01\evidence\VEST VIOLATION_WORKER_2877_2026-06-28_11-09-19.jpg
2026-06-28 11:09:19,Person-WORKER_2831,MASK VIOLATION,0.54,5.1,data\CAM_01\evidence\MASK VIOLATION_WORKER_2831_2026-06-28_11-09-19.jpg
2026-06-28 11:09:19,Person-WORKER_2877,MASK VIOLATION,0.60,5.1,data\CAM_01\evidence\MASK VIOLATION_WORKER_2877_2026-06-28_11-09-19.jpg
2026-06-28 11:09:21,Person-WORKER_2891,VEST VIOLATION,0.84,5.1,data\CAM_01\evidence\VEST VIOLATION_WORKER_2891_2026-06-28_11-09-21.jpg
2026-06-28 11:09:22,Person-WORKER_2891,MASK VIOLATION,0.67,5.2,data\CAM_01\evidence\MASK VIOLATION_WORKER_2891_2026-06-28_11-09-22.jpg
2026-06-28 11:09:26,Person-WORKER_2839,MASK VIOLATION,0.38,5.3,data\CAM_01\evidence\MASK VIOLATION_WORKER_2839_2026-06-28_11-09-26.jpg
2026-06-28 11:09:34,Person-WORKER_2877,VEST VIOLATION,0.89,20.3,data\CAM_01\evidence\VEST VIOLATION_WORKER_2877_2026-06-28_11-09-34.jpg
2026-06-28 11:09:34,Person-WORKER_2877,MASK VIOLATION,0.79,20.3,data\CAM_01\evidence\MASK VIOLATION_WORKER_2877_2026-06-28_11-09-34.jpg
2026-06-28 11:09:34,Person-WORKER_2831,MASK VIOLATION,0.65,5.3,data\CAM_01\evidence\MASK VIOLATION_WORKER_2831_2026-06-28_11-09-34.jpg
2026-06-28 11:09:36,Person-WORKER_2907,VEST VIOLATION,0.79,5.4,data\CAM_01\evidence\VEST VIOLATION_WORKER_2907_2026-06-28_11-09-36.jpg
2026-06-28 11:09:50,Person-WORKER_2877,VEST VIOLATION,0.85,36.6,data\CAM_01\evidence\VEST VIOLATION_WORKER_2877_2026-06-28_11-09-50.jpg
2026-06-28 11:09:50,Person-WORKER_2877,MASK VIOLATION,0.79,36.6,data\CAM_01\evidence\MASK VIOLATION_WORKER_2877_2026-06-28_11-09-50.jpg
2026-06-28 11:09:50,Person-WORKER_2831,MASK VIOLATION,0.54,21.7,data\CAM_01\evidence\MASK VIOLATION_WORKER_2831_2026-06-28_11-09-50.jpg
2026-06-28 11:09:50,Person-WORKER_2961,MASK VIOLATION,0.54,6.2,data\CAM_01\evidence\MASK VIOLATION_WORKER_2961_2026-06-28_11-09-50.jpg
2026-06-28 11:09:50,Person-WORKER_2961,VEST VIOLATION,0.86,5.8,data\CAM_01\evidence\VEST VIOLATION_WORKER_2961_2026-06-28_11-09-50.jpg
2026-06-28 11:18:03,Person-WORKER_2877,VEST VIOLATION,0.86,529.8,data\CAM_01\evidence\VEST VIOLATION_WORKER_2877_2026-06-28_11-18-03.jpg
2026-06-28 11:18:03,Person-WORKER_2877,MASK VIOLATION,0.74,529.8,data\CAM_01\evidence\MASK VIOLATION_WORKER_2877_2026-06-28_11-18-03.jpg
2026-06-28 11:18:03,Person-WORKER_2961,MASK VIOLATION,0.62,499.4,data\CAM_01\evidence\MASK VIOLATION_WORKER_2961_2026-06-28_11-18-03.jpg
2026-06-28 11:18:03,Person-WORKER_2961,VEST VIOLATION,0.88,498.9,data\CAM_01\evidence\VEST VIOLATION_WORKER_2961_2026-06-28_11-18-03.jpg
2026-06-28 11:18:12,Person-WORKER_2831,MASK VIOLATION,0.45,5.2,data\CAM_01\evidence\MASK VIOLATION_WORKER_2831_2026-06-28_11-18-12.jpg
2026-06-28 11:18:19,Person-WORKER_2877,VEST VIOLATION,0.90,545.9,data\CAM_01\evidence\VEST VIOLATION_WORKER_2877_2026-06-28_11-18-19.jpg
2026-06-28 11:18:19,Person-WORKER_2877,MASK VIOLATION,0.78,545.9,data\CAM_01\evidence\MASK VIOLATION_WORKER_2877_2026-06-28_11-18-19.jpg
2026-06-28 11:18:19,Person-WORKER_2961,MASK VIOLATION,0.74,515.4,data\CAM_01\evidence\MASK VIOLATION_WORKER_2961_2026-06-28_11-18-19.jpg
2026-06-28 11:18:19,Person-WORKER_2961,VEST VIOLATION,0.87,515.0,data\CAM_01\evidence\VEST VIOLATION_WORKER_2961_2026-06-28_11-18-19.jpg
2026-06-28 11:18:35,Person-WORKER_2877,VEST VIOLATION,0.90,561.2,data\CAM_01\evidence\VEST VIOLATION_WORKER_2877_2026-06-28_11-18-35.jpg
2026-06-28 11:18:35,Person-WORKER_2961,MASK VIOLATION,0.67,530.7,data\CAM_01\evidence\MASK VIOLATION_WORKER_2961_2026-06-28_11-18-35.jpg
2026-06-28 11:18:35,Person-WORKER_2961,VEST VIOLATION,0.86,530.3,data\CAM_01\evidence\VEST VIOLATION_WORKER_2961_2026-06-28_11-18-35.jpg
2026-06-28 11:18:35,Person-WORKER_2877,MASK VIOLATION,0.65,561.2,data\CAM_01\evidence\MASK VIOLATION_WORKER_2877_2026-06-28_11-18-35.jpg
2026-06-28 11:18:49,Person-WORKER_3034,MASK VIOLATION,0.80,5.2,data\CAM_01\evidence\MASK VIOLATION_WORKER_3034_2026-06-28_11-18-49.jpg
2026-06-28 11:18:49,Person-WORKER_3034,VEST VIOLATION,0.79,5.2,data\CAM_01\evidence\VEST VIOLATION_WORKER_3034_2026-06-28_11-18-49.jpg
2026-06-28 11:18:59,Person-WORKER_2961,MASK VIOLATION,0.73,5.8,data\CAM_01\evidence\MASK VIOLATION_WORKER_2961_2026-06-28_11-18-59.jpg
2026-06-28 11:18:59,Person-WORKER_2961,VEST VIOLATION,0.86,5.8,data\CAM_01\evidence\VEST VIOLATION_WORKER_2961_2026-06-28_11-18-59.jpg
2026-06-28 11:19:08,Person-WORKER_2831,VEST VIOLATION,0.84,5.3,data\CAM_01\evidence\VEST VIOLATION_WORKER_2831_2026-06-28_11-19-08.jpg
2026-06-28 11:19:10,Person-WORKER_2831,MASK VIOLATION,0.85,6.7,data\CAM_01\evidence\MASK VIOLATION_WORKER_2831_2026-06-28_11-19-10.jpg
2026-06-28 11:19:15,Person-WORKER_2961,VEST VIOLATION,0.64,5.2,data\CAM_01\evidence\VEST VIOLATION_WORKER_2961_2026-06-28_11-19-15.jpg
2026-06-28 11:19:17,Person-WORKER_2961,MASK VIOLATION,0.29,5.2,data\CAM_01\evidence\MASK VIOLATION_WORKER_2961_2026-06-28_11-19-17.jpg
2026-06-28 11:19:23,Person-WORKER_2831,VEST VIOLATION,0.73,20.7,data\CAM_01\evidence\VEST VIOLATION_WORKER_2831_2026-06-28_11-19-23.jpg
2026-06-28 11:19:25,Person-WORKER_2831,MASK VIOLATION,0.84,22.0,data\CAM_01\evidence\MASK VIOLATION_WORKER_2831_2026-06-28_11-19-25.jpg
2026-06-28 11:19:39,Person-WORKER_3143,VEST VIOLATION,0.91,5.2,data\CAM_01\evidence\VEST VIOLATION_WORKER_3143_2026-06-28_11-19-39.jpg
2026-06-28 11:19:39,Person-WORKER_3150,VEST VIOLATION,0.90,5.2,data\CAM_01\evidence\VEST VIOLATION_WORKER_3150_2026-06-28_11-19-39.jpg
2026-06-28 11:19:39,Person-WORKER_3150,MASK VIOLATION,0.50,5.2,data\CAM_01\evidence\MASK VIOLATION_WORKER_3150_2026-06-28_11-19-39.jpg
2026-06-28 11:19:39,Person-WORKER_3143,MASK VIOLATION,0.56,5.2,data\CAM_01\evidence\MASK VIOLATION_WORKER_3143_2026-06-28_11-19-39.jpg
2026-06-28 11:19:48,Person-WORKER_3154,VEST VIOLATION,0.83,5.1,data\CAM_01\evidence\VEST VIOLATION_WORKER_3154_2026-06-28_11-19-48.jpg
2026-06-28 11:19:54,Person-WORKER_3143,VEST VIOLATION,0.91,20.4,data\CAM_01\evidence\VEST VIOLATION_WORKER_3143_2026-06-28_11-19-54.jpg
2026-06-28 11:19:54,Person-WORKER_3150,VEST VIOLATION,0.92,20.4,data\CAM_01\evidence\VEST VIOLATION_WORKER_3150_2026-06-28_11-19-54.jpg
2026-06-28 11:19:54,Person-WORKER_3150,MASK VIOLATION,0.57,20.4,data\CAM_01\evidence\MASK VIOLATION_WORKER_3150_2026-06-28_11-19-54.jpg
2026-06-28 11:19:54,Person-WORKER_3143,MASK VIOLATION,0.60,20.4,data\CAM_01\evidence\MASK VIOLATION_WORKER_3143_2026-06-28_11-19-54.jpg
2026-06-28 11:20:03,Person-WORKER_3154,VEST VIOLATION,0.78,20.4,data\CAM_01\evidence\VEST VIOLATION_WORKER_3154_2026-06-28_11-20-03.jpg
2026-06-28 11:20:09,Person-WORKER_3143,VEST VIOLATION,0.90,35.8,data\CAM_01\evidence\VEST VIOLATION_WORKER_3143_2026-06-28_11-20-09.jpg
2026-06-28 11:20:09,Person-WORKER_3150,VEST VIOLATION,0.89,35.8,data\CAM_01\evidence\VEST VIOLATION_WORKER_3150_2026-06-28_11-20-09.jpg
2026-06-28 11:20:09,Person-WORKER_3143,MASK VIOLATION,0.64,35.8,data\CAM_01\evidence\MASK VIOLATION_WORKER_3143_2026-06-28_11-20-09.jpg
2026-06-28 11:20:09,Person-WORKER_3150,MASK VIOLATION,0.65,35.8,data\CAM_01\evidence\MASK VIOLATION_WORKER_3150_2026-06-28_11-20-09.jpg
2026-06-28 11:20:18,Person-WORKER_3154,VEST VIOLATION,0.69,5.2,data\CAM_01\evidence\VEST VIOLATION_WORKER_3154_2026-06-28_11-20-18.jpg
2026-06-28 11:20:25,Person-WORKER_3143,VEST VIOLATION,0.89,50.9,data\CAM_01\evidence\VEST VIOLATION_WORKER_3143_2026-06-28_11-20-25.jpg
2026-06-28 11:20:25,Person-WORKER_3150,VEST VIOLATION,0.90,50.9,data\CAM_01\evidence\VEST VIOLATION_WORKER_3150_2026-06-28_11-20-25.jpg
2026-06-28 11:20:25,Person-WORKER_3143,MASK VIOLATION,0.71,50.9,data\CAM_01\evidence\MASK VIOLATION_WORKER_3143_2026-06-28_11-20-25.jpg
2026-06-28 11:20:25,Person-WORKER_3150,MASK VIOLATION,0.71,50.9,data\CAM_01\evidence\MASK VIOLATION_WORKER_3150_2026-06-28_11-20-25.jpg
2026-06-28 11:20:33,Person-WORKER_3233,VEST VIOLATION,0.89,5.8,data\CAM_01\evidence\VEST VIOLATION_WORKER_3233_2026-06-28_11-20-33.jpg
2026-06-28 11:20:33,Person-WORKER_3233,MASK VIOLATION,0.69,5.8,data\CAM_01\evidence\MASK VIOLATION_WORKER_3233_2026-06-28_11-20-33.jpg
2026-06-28 11:20:33,Person-WORKER_3154,VEST VIOLATION,0.71,20.2,data\CAM_01\evidence\VEST VIOLATION_WORKER_3154_2026-06-28_11-20-33.jpg
2026-06-28 11:20:40,Person-WORKER_3143,VEST VIOLATION,0.86,66.0,data\CAM_01\evidence\VEST VIOLATION_WORKER_3143_2026-06-28_11-20-40.jpg
2026-06-28 11:20:40,Person-WORKER_3150,VEST VIOLATION,0.89,66.0,data\CAM_01\evidence\VEST VIOLATION_WORKER_3150_2026-06-28_11-20-40.jpg
2026-06-28 11:20:40,Person-WORKER_3143,MASK VIOLATION,0.78,66.0,data\CAM_01\evidence\MASK VIOLATION_WORKER_3143_2026-06-28_11-20-40.jpg
2026-06-28 11:20:40,Person-WORKER_3150,MASK VIOLATION,0.73,66.0,data\CAM_01\evidence\MASK VIOLATION_WORKER_3150_2026-06-28_11-20-40.jpg
2026-06-28 11:20:48,Person-WORKER_3233,VEST VIOLATION,0.89,7.3,data\CAM_01\evidence\VEST VIOLATION_WORKER_3233_2026-06-28_11-20-48.jpg
2026-06-28 11:20:48,Person-WORKER_3233,MASK VIOLATION,0.66,7.3,data\CAM_01\evidence\MASK VIOLATION_WORKER_3233_2026-06-28_11-20-48.jpg
2026-06-28 11:20:49,Person-WORKER_3154,VEST VIOLATION,0.75,35.7,data\CAM_01\evidence\VEST VIOLATION_WORKER_3154_2026-06-28_11-20-49.jpg
2026-06-28 11:20:57,Person-WORKER_3147,VEST VIOLATION,0.41,5.0,data\CAM_01\evidence\VEST VIOLATION_WORKER_3147_2026-06-28_11-20-57.jpg
2026-06-28 11:21:04,Person-WORKER_3233,VEST VIOLATION,0.68,22.8,data\CAM_01\evidence\VEST VIOLATION_WORKER_3233_2026-06-28_11-21-04.jpg
2026-06-28 11:21:04,Person-WORKER_3154,VEST VIOLATION,0.81,51.2,data\CAM_01\evidence\VEST VIOLATION_WORKER_3154_2026-06-28_11-21-04.jpg
2026-06-28 11:21:04,Person-WORKER_3147,MASK VIOLATION,0.57,6.0,data\CAM_01\evidence\MASK VIOLATION_WORKER_3147_2026-06-28_11-21-04.jpg
2026-06-28 11:21:04,Person-WORKER_3233,MASK VIOLATION,0.57,23.3,data\CAM_01\evidence\MASK VIOLATION_WORKER_3233_2026-06-28_11-21-04.jpg
